<metadata xml:lang="en"><Esri><CreaDate>20230525</CreaDate><CreaTime>15270200</CreaTime><ArcGISFormat>1.0</ArcGISFormat><SyncOnce>FALSE</SyncOnce><DataProperties><lineage><Process ToolSource="c:\program files\arcgis\pro\Resources\ArcToolbox\Toolboxes\Data Management Tools.tbx\CreateFeatureclass" Date="20230525" Time="152702">CreateFeatureclass "C:\Users\akeramati\OneDrive - Widener University\Documents\ArcGIS\Projects\MapMatching_Pits\MapMatching_Pits.gdb" Bike_GP_Point Point # Yes Yes "PROJCS["WGS_1984_Web_Mercator_Auxiliary_Sphere",GEOGCS["GCS_WGS_1984",DATUM["D_WGS_1984",SPHEROID["WGS_1984",6378137.0,298.257223563]],PRIMEM["Greenwich",0.0],UNIT["Degree",0.0174532925199433]],PROJECTION["Mercator_Auxiliary_Sphere"],PARAMETER["False_Easting",0.0],PARAMETER["False_Northing",0.0],PARAMETER["Central_Meridian",0.0],PARAMETER["Standard_Parallel_1",0.0],PARAMETER["Auxiliary_Sphere_Type",0.0],UNIT["Meter",1.0]];-20037700 -30241100 10000;-100000 10000;-100000 10000;0.001;0.001;0.001;IsHighPrecision" # # # # #</Process><Process ToolSource="c:\program files\arcgis\pro\Resources\ArcToolbox\Toolboxes\Data Management Tools.tbx\UpdateSchema" Date="20230525" Time="152703">UpdateSchema "C:\Users\akeramati\OneDrive - Widener University\Documents\ArcGIS\Projects\MapMatching_Pits\MapMatching_Pits.gdb\Bike_GP_Point" &lt;operationSequence&gt;&lt;workflow&gt;&lt;AddField&gt;&lt;field_name&gt;TRIP_ID&lt;/field_name&gt;&lt;field_type&gt;DOUBLE&lt;/field_type&gt;&lt;field_is_nullable&gt;TRUE&lt;/field_is_nullable&gt;&lt;field_length&gt;255&lt;/field_length&gt;&lt;/AddField&gt;&lt;/workflow&gt;&lt;workflow&gt;&lt;AddField&gt;&lt;field_name&gt;START_AT&lt;/field_name&gt;&lt;field_type&gt;DATE&lt;/field_type&gt;&lt;field_is_nullable&gt;TRUE&lt;/field_is_nullable&gt;&lt;field_length&gt;255&lt;/field_length&gt;&lt;/AddField&gt;&lt;/workflow&gt;&lt;workflow&gt;&lt;AddField&gt;&lt;field_name&gt;END_AT&lt;/field_name&gt;&lt;field_type&gt;DATE&lt;/field_type&gt;&lt;field_is_nullable&gt;TRUE&lt;/field_is_nullable&gt;&lt;field_length&gt;255&lt;/field_length&gt;&lt;/AddField&gt;&lt;/workflow&gt;&lt;/operationSequence&gt;</Process><Process ToolSource="c:\program files\arcgis\pro\Resources\ArcToolbox\Toolboxes\Data Management Tools.tbx\UpdateSchema" Date="20230525" Time="152703">UpdateSchema "C:\Users\akeramati\OneDrive - Widener University\Documents\ArcGIS\Projects\MapMatching_Pits\MapMatching_Pits.gdb\Bike_GP_Point" &lt;operationSequence&gt;&lt;workflow&gt;&lt;AlterField&gt;&lt;field_name&gt;OBJECTID&lt;/field_name&gt;&lt;field_alias&gt;OBJECTID&lt;/field_alias&gt;&lt;/AlterField&gt;&lt;/workflow&gt;&lt;workflow&gt;&lt;AlterField&gt;&lt;field_name&gt;SHAPE&lt;/field_name&gt;&lt;field_alias&gt;SHAPE&lt;/field_alias&gt;&lt;/AlterField&gt;&lt;/workflow&gt;&lt;/operationSequence&gt;</Process><Process ToolSource="c:\program files\arcgis\pro\Resources\ArcToolbox\toolboxes\Data Management Tools.tbx\CalculateField" Date="20230525" Time="162956">CalculateField Bike_GP_Point START_AT generate_start_date() "Python 3" "import datetime

def generate_start_date():
    global start_date
    if start_date is None:
        start_date = datetime.datetime.now()
    else:
        start_date = start_date + datetime.timedelta(seconds=10)
    return start_date

start_date = None

# Call the function to generate the start dates
generate_start_date()" Text NO_ENFORCE_DOMAINS</Process><Process ToolSource="c:\program files\arcgis\pro\Resources\ArcToolbox\toolboxes\Data Management Tools.tbx\CalculateField" Date="20230525" Time="163035">CalculateField Bike_GP_Point START_AT generate_start_date() "Python 3" "import datetime

def generate_start_date():
    global start_date
    if start_date is None:
        start_date = datetime.datetime.now()
    else:
        start_date = start_date + datetime.timedelta(seconds=10)
    return start_date

start_date = None

# Call the function to generate the start dates
generate_start_date()" Text NO_ENFORCE_DOMAINS</Process><Process ToolSource="c:\program files\arcgis\pro\Resources\ArcToolbox\toolboxes\Data Management Tools.tbx\CalculateField" Date="20230525" Time="163133">CalculateField Bike_GP_Point START_AT generate_start_date() "Python 3" "import datetime

def generate_start_date():
    global start_date
    if start_date is None:
        start_date = datetime.datetime.now()
    else:
        start_date = start_date + datetime.timedelta(seconds=10)
    return start_date

start_date = None

# Call the function to generate the start dates
generate_start_date()" Text NO_ENFORCE_DOMAINS</Process><Process ToolSource="c:\program files\arcgis\pro\Resources\ArcToolbox\toolboxes\Data Management Tools.tbx\CalculateField" Date="20230525" Time="163345">CalculateField Bike_GP_Point START_AT generate_start_date() "Python 3" "import datetime

def generate_start_date():
    global start_date
    if start_date is None:
        start_date = datetime.datetime.now()
    else:
        start_date = start_date + datetime.timedelta(seconds=10)
    return start_date

start_date = None

# Call the function to generate the start dates
generate_start_date()" Text NO_ENFORCE_DOMAINS</Process><Process ToolSource="c:\program files\arcgis\pro\Resources\ArcToolbox\toolboxes\Data Management Tools.tbx\CalculateField" Date="20230525" Time="163606">CalculateField Bike_GP_Point START_AT generate_start_date() "Python 3" "import datetime

start_date = datetime.datetime.now()

def generate_start_date():
    global start_date
    start_date += datetime.timedelta(seconds=10)
    return start_date

generate_start_date()" Text NO_ENFORCE_DOMAINS</Process><Process ToolSource="c:\program files\arcgis\pro\Resources\ArcToolbox\toolboxes\Data Management Tools.tbx\CalculateField" Date="20230525" Time="163621">CalculateField Bike_GP_Point START_AT generate_start_date() "Python 3" "import datetime

start_date = datetime.datetime.now()

def generate_start_date():
    global start_date
    start_date += datetime.timedelta(seconds=10)
    return start_date

generate_start_date()" Text NO_ENFORCE_DOMAINS</Process><Process ToolSource="c:\program files\arcgis\pro\Resources\ArcToolbox\toolboxes\Data Management Tools.tbx\CalculateField" Date="20230525" Time="164044">CalculateField Bike_GP_Point END_AT generate_end_date(!START_AT!) "Python 3" "import datetime

def generate_end_date(start_date):
    return start_date + datetime.timedelta(seconds=5)

" Text NO_ENFORCE_DOMAINS</Process><Process ToolSource="c:\program files\arcgis\pro\Resources\ArcToolbox\toolboxes\Conversion Tools.tbx\ExportFeatures" Date="20230608" Time="150326">ExportFeatures "Bike GPS Points" "C:\Users\akeramati\OneDrive - Widener University\Desktop\MapMatching_data\Bike_GP_Point\Bike_GP_Point.shp" # NOT_USE_ALIAS "TRIP_ID "TRIP_ID" true true false 8 Double 0 0,First,#,Bike GPS Points,TRIP_ID,-1,-1;START_AT "START_AT" true true false 8 Date 0 0,First,#,Bike GPS Points,START_AT,-1,-1;END_AT "END_AT" true true false 8 Date 0 0,First,#,Bike GPS Points,END_AT,-1,-1" #</Process></lineage><itemProps><itemName Sync="TRUE">Bike_GP_Point</itemName><imsContentType Sync="TRUE">002</imsContentType><itemSize Sync="TRUE">0.000</itemSize><itemLocation><linkage Sync="TRUE">file://\\M322-CH816D3\C$\Users\akeramati\OneDrive - Widener University\Desktop\MapMatching_data\Bike_GP_Point\Bike_GP_Point.shp</linkage><protocol Sync="TRUE">Local Area Network</protocol></itemLocation></itemProps><coordRef><type Sync="TRUE">Projected</type><geogcsn Sync="TRUE">GCS_WGS_1984</geogcsn><csUnits Sync="TRUE">Linear Unit: Meter (1.000000)</csUnits><projcsn Sync="TRUE">WGS_1984_Web_Mercator_Auxiliary_Sphere</projcsn><peXml Sync="TRUE">&lt;ProjectedCoordinateSystem xsi:type='typens:ProjectedCoordinateSystem' xmlns:xsi='http://www.w3.org/2001/XMLSchema-instance' xmlns:xs='http://www.w3.org/2001/XMLSchema' xmlns:typens='http://www.esri.com/schemas/ArcGIS/3.1.0'&gt;&lt;WKT&gt;PROJCS[&amp;quot;WGS_1984_Web_Mercator_Auxiliary_Sphere&amp;quot;,GEOGCS[&amp;quot;GCS_WGS_1984&amp;quot;,DATUM[&amp;quot;D_WGS_1984&amp;quot;,SPHEROID[&amp;quot;WGS_1984&amp;quot;,6378137.0,298.257223563]],PRIMEM[&amp;quot;Greenwich&amp;quot;,0.0],UNIT[&amp;quot;Degree&amp;quot;,0.0174532925199433]],PROJECTION[&amp;quot;Mercator_Auxiliary_Sphere&amp;quot;],PARAMETER[&amp;quot;False_Easting&amp;quot;,0.0],PARAMETER[&amp;quot;False_Northing&amp;quot;,0.0],PARAMETER[&amp;quot;Central_Meridian&amp;quot;,0.0],PARAMETER[&amp;quot;Standard_Parallel_1&amp;quot;,0.0],PARAMETER[&amp;quot;Auxiliary_Sphere_Type&amp;quot;,0.0],UNIT[&amp;quot;Meter&amp;quot;,1.0],AUTHORITY[&amp;quot;EPSG&amp;quot;,3857]]&lt;/WKT&gt;&lt;XOrigin&gt;-20037700&lt;/XOrigin&gt;&lt;YOrigin&gt;-30241100&lt;/YOrigin&gt;&lt;XYScale&gt;148923141.92838538&lt;/XYScale&gt;&lt;ZOrigin&gt;-100000&lt;/ZOrigin&gt;&lt;ZScale&gt;10000&lt;/ZScale&gt;&lt;MOrigin&gt;-100000&lt;/MOrigin&gt;&lt;MScale&gt;10000&lt;/MScale&gt;&lt;XYTolerance&gt;0.001&lt;/XYTolerance&gt;&lt;ZTolerance&gt;0.001&lt;/ZTolerance&gt;&lt;MTolerance&gt;0.001&lt;/MTolerance&gt;&lt;HighPrecision&gt;true&lt;/HighPrecision&gt;&lt;WKID&gt;102100&lt;/WKID&gt;&lt;LatestWKID&gt;3857&lt;/LatestWKID&gt;&lt;/ProjectedCoordinateSystem&gt;</peXml></coordRef></DataProperties><SyncDate>20230608</SyncDate><SyncTime>15032600</SyncTime><ModDate>20230608</ModDate><ModTime>15032600</ModTime></Esri><dataIdInfo><envirDesc Sync="TRUE">Microsoft Windows 10 Version 10.0 (Build 19043) ; Esri ArcGIS 13.1.2.41833</envirDesc><dataLang><languageCode value="eng" Sync="TRUE"></languageCode><countryCode value="USA" Sync="TRUE"></countryCode></dataLang><idCitation><resTitle Sync="TRUE">Bike_GP_Point</resTitle><presForm><PresFormCd value="005" Sync="TRUE"></PresFormCd></presForm></idCitation><spatRpType><SpatRepTypCd value="001" Sync="TRUE"></SpatRepTypCd></spatRpType></dataIdInfo><mdLang><languageCode value="eng" Sync="TRUE"></languageCode><countryCode value="USA" Sync="TRUE"></countryCode></mdLang><distInfo><distFormat><formatName Sync="TRUE">Shapefile</formatName></distFormat><distTranOps><transSize Sync="TRUE">0.000</transSize></distTranOps></distInfo><mdHrLv><ScopeCd value="005" Sync="TRUE"></ScopeCd></mdHrLv><mdHrLvName Sync="TRUE">dataset</mdHrLvName><refSysInfo><RefSystem><refSysID><identCode code="3857" Sync="TRUE"></identCode><idCodeSpace Sync="TRUE">EPSG</idCodeSpace><idVersion Sync="TRUE">6.18.3(9.3.1.2)</idVersion></refSysID></RefSystem></refSysInfo><spatRepInfo><VectSpatRep><geometObjs Name="Bike_GP_Point"><geoObjTyp><GeoObjTypCd value="004" Sync="TRUE"></GeoObjTypCd></geoObjTyp><geoObjCnt Sync="TRUE">0</geoObjCnt></geometObjs><topLvl><TopoLevCd value="001" Sync="TRUE"></TopoLevCd></topLvl></VectSpatRep></spatRepInfo><spdoinfo><ptvctinf><esriterm Name="Bike_GP_Point"><efeatyp Sync="TRUE">Simple</efeatyp><efeageom code="1" Sync="TRUE"></efeageom><esritopo Sync="TRUE">FALSE</esritopo><efeacnt Sync="TRUE">0</efeacnt><spindex Sync="TRUE">FALSE</spindex><linrefer Sync="TRUE">TRUE</linrefer></esriterm></ptvctinf></spdoinfo><eainfo><detailed Name="Bike_GP_Point"><enttyp><enttypl Sync="TRUE">Bike_GP_Point</enttypl><enttypt Sync="TRUE">Feature Class</enttypt><enttypc Sync="TRUE">0</enttypc></enttyp><attr><attrlabl Sync="TRUE">FID</attrlabl><attalias Sync="TRUE">FID</attalias><attrtype Sync="TRUE">OID</attrtype><attwidth Sync="TRUE">4</attwidth><atprecis Sync="TRUE">0</atprecis><attscale Sync="TRUE">0</attscale><attrdef Sync="TRUE">Internal feature number.</attrdef><attrdefs Sync="TRUE">Esri</attrdefs><attrdomv><udom Sync="TRUE">Sequential unique whole numbers that are automatically generated.</udom></attrdomv></attr><attr><attrlabl Sync="TRUE">Shape</attrlabl><attalias Sync="TRUE">Shape</attalias><attrtype Sync="TRUE">Geometry</attrtype><attwidth Sync="TRUE">0</attwidth><atprecis Sync="TRUE">0</atprecis><attscale Sync="TRUE">0</attscale><attrdef Sync="TRUE">Feature geometry.</attrdef><attrdefs Sync="TRUE">Esri</attrdefs><attrdomv><udom Sync="TRUE">Coordinates defining the features.</udom></attrdomv></attr><attr><attrlabl Sync="TRUE">TRIP_ID</attrlabl><attalias Sync="TRUE">TRIP_ID</attalias><attrtype Sync="TRUE">Double</attrtype><attwidth Sync="TRUE">19</attwidth><atprecis Sync="TRUE">0</atprecis><attscale Sync="TRUE">0</attscale></attr><attr><attrlabl Sync="TRUE">START_AT</attrlabl><attalias Sync="TRUE">START_AT</attalias><attrtype Sync="TRUE">Date</attrtype><attwidth Sync="TRUE">8</attwidth><atprecis Sync="TRUE">0</atprecis><attscale Sync="TRUE">0</attscale></attr><attr><attrlabl Sync="TRUE">END_AT</attrlabl><attalias Sync="TRUE">END_AT</attalias><attrtype Sync="TRUE">Date</attrtype><attwidth Sync="TRUE">8</attwidth><atprecis Sync="TRUE">0</atprecis><attscale Sync="TRUE">0</attscale></attr></detailed></eainfo><mdDateSt Sync="TRUE">20230608</mdDateSt></metadata>
